{"cameraMode":{"drawMode":0,"name":"Shaded","section":"Shading Mode"},"sceneLighting":false,"audioPlay":false,"sceneViewState":{"m_AlwaysRefresh":false,"showFog":true,"showSkybox":false,"showFlares":true,"showImageEffects":true,"showParticleSystems":true,"showVisualEffectGraphs":true,"m_FxEnabled":true},"in2DMode":false,"pivot":{"x":0.24548962712287904,"y":-0.1562630832195282,"z":0.26909804344177248},"rotation":{"x":0.01591123640537262,"y":0.9783940315246582,"z":-0.08237915486097336,"w":0.18897227942943574},"size":0.6281049251556397,"orthographic":false}